ProductId,ProductName,ProductImage
B00469VSJI,"Douwe Egbert Andes Mountain Blend Ground Coffee, 2 Pound Bag",NA
B000WFL0HK,AvoDerm Natural Original Formula Canned Dog Food,NA
B002MV23XM,"Omega Paw Health Bone Small Chicken Dog Treats, 14-Ounce",NA
B009UOFU20,Gevalia Kaffe Signature Blend Decaffeinated Coffee,NA
B001E50UEQ,"Hormel Compleats Chicken & Rice, 6, 10 oz Microwavable Bowls",NA
B005P0HHGK,"Spry Fresh Natural Xylitol Chewing Gum Dental Defense System Aspartame-Free Sugar Free Gum (Peppermint, 100 Count - Pack of 1)",https://m.media-amazon.com/images/I/81GsZulTu5L._SX425_.jpg
B0041QJSJS,"Weaver's Coffee and Tea, Peru Organic Whole Bean Coffee, 12-Ounce Bags (Pack of 2)",NA
B007F96QQQ,B007F96QQQ,NA
B001FA1L7K,B001FA1L7K,NA
B000CQG862,"Stash Tea Christmas Eve Herbal Tea - Naturally Caffeine Free, Non-GMO Project Verified Premium Tea with No Artificial Ingredients, 18 Count (Pack of 6) - 108 Bags Total",NA
B002HQH04O,B002HQH04O,NA
B003ZFRKGO,"Molecular Gastronomy Heavy Cream Powder, Artistre - 1 x 1LB",NA
B003XV5LHK,B003XV5LHK,NA
B001ELL7JM,B001ELL7JM,NA
B004H4R0YO,"Smart Balance Omega Blend Oil, 24-Ounce (Pack of 4)",NA
B000WFRMRW,"Eukanuba Puppy Small Breed Dry Dog Food, 4.5 lb. bag",NA
B0001PB9FE,B0001PB9FE,NA
B001EO7E2I,B001EO7E2I,NA
B0017OV6LA,LONG BOY COCONUT,NA
B000UZMJZO,B000UZMJZO,NA
B004ET9OIW,B004ET9OIW,NA
B002CTJG02,B002CTJG02,NA
B001EPQ0J0,"Berres Brothers Coffee Roasters Turtle Sundae Coffee, Whole Bean, 12-Ounce Bags (Pack of 3)",NA
B000OR0WFM,B000OR0WFM,"https://m.media-amazon.com/images/I/51NcWvuHg-L._PIbundle-42,TopRight,0,0_SX500SY300SH20_.jpg"
B005HGAVGA,B005HGAVGA,NA
B000ODRY9I,Wish-Bone Ranch Dressing Fat Free,NA
B000UUYOPW,"Beefeaters Swizzles Tripe, 10 To 11-Inch",NA
B000IXUISS,B000IXUISS,NA
B001IUKD76,B001IUKD76,NA
B000VKYKTG,"Glico Pocky Chocolate, 1.41-Ounce Boxes (Pack of 20)",NA
B0046HFHD8,B0046HFHD8,https://m.media-amazon.com/images/I/71xqshIj7VL._SX679_.jpg
B005CV7TOC,B005CV7TOC,NA
B00813GRG4,"Southern Grove Premium Quality Roasted and Salted Jumbo Peanuts in Shell, 16-Ounce",NA
B003SE19UK,"Holistic Select Natural Grain Free Dry Cat Food, Duck Meal Recipe, 2.5-Pound Bag",NA
B0004MUZKO,B0004MUZKO,NA
B0007NG56I,B0007NG56I,NA
B002JLT6QC,"Karen's Naturals Just Tomatoes, Organic Just Tomato Bits 4 Ounce Pouch (Pack of 3) (Packaging May Vary)",NA
B00821UN4M,"Coconut Oil, Virgin, Centrifuge Extracted, Certified Organic, 1 Gallon",NA
B000LRKO9E,Pomegranate Molasses (Sultan) 9.5fl.oz,NA
B004IF3TAQ,Kinder Licorice Cat-Shaped Drops 200g licorice pieces by Katjes,NA
B002KGN4LE,B002KGN4LE,NA
B006QFTT4Q,B006QFTT4Q,https://m.media-amazon.com/images/I/51eA-td-NxL._SY445_.jpg
B003YDP5PA,B003YDP5PA,"https://m.media-amazon.com/images/I/91xSWnegi0L._SY445_PIbundle-4,TopRight,0,0_SX305SY445SH20_.jpg"
B000E7WM0U,"A Taste of Thai, Green Curry Paste, 100g",NA
B002GUWBMC,Disco Glitter Amethyst,NA
B004DTNJU2,"Pure Matcha, Premium Organic Rooibos Powder",NA
B004SR97LO,Gnosis 90% Deeply Dark Raw Chocolate Bar - 2oz,https://m.media-amazon.com/images/I/71o34EBsMzL._SX425_.jpg
B0048IACB2,B0048IACB2,NA
B007DJ0O9I,B007DJ0O9I,NA
B001GVISJW,"TWIZZLERS Licorice Candy, Cherry, 16 Ounce (Pack of 6)","https://m.media-amazon.com/images/I/91hKIfkY0BL._SX679_PIbundle-6,TopRight,0,0_SX679SY344SH20_.jpg"
B00029XIZI,B00029XIZI,NA
B00285FF6O,"Ghirardelli Milk Chocolate Caramel Squares, 5.32 oz. Gift Bag",NA
B003SQ9WHA,B003SQ9WHA,NA
B00473VNHK,"Morton All Purpose Sea Salt, Fine, 17.6 Ounce (Pack of 6)",NA
B004ET7MG8,B004ET7MG8,NA
B004134H9W,B004134H9W,NA
B000I5DJVE,"Candy Tree Organic Cherry Bites, 2.4-Ounce Packages (Pack of 12)",NA
B001KVLDBI,B001KVLDBI,NA
B003O7A70Y,"Laziza Bombay Biryani Masala, 130-Gram Boxes (Pack of 6)",NA
B001ESOQA2,Delicious Honey Roasted Pecans,NA
B0064KU9HO,"Back to Nature Crackers, Non-GMO Sweet Potato & Cinnamon, 6.5 Ounce (Pack of 6)","https://m.media-amazon.com/images/I/51RLbCn-CFL._SY445_PIbundle-6,TopRight,0,0_SX337SY445SH20_.jpg"
B0009QWTMM,"Rose Black Tea, 8oz.",NA
B0028C44Z0,"ALTOIDS Smalls Wintergreen Breath Mints Sugar Free Hard Candy Bulk, 0.37 oz Tin (Pack of 9)",NA
B0067LDV66,"Kevala Organic Toasted Sesame Oil, 1 Gallon (128 Fl Oz)",NA
B001CWZXIY,"Healthy & Holistic Healthy Weight Formula For Dogs, 16.5-Pound Bag",NA
B000NY8ODS,B000NY8ODS,NA
B001EO5TPM,"Sunridge Farms Roasted Salted Pistachios, 6 -Ounce Bags (Pack of 6)",NA
B0059WXJKM,B0059WXJKM,NA
B005R8JE8O,B005R8JE8O,NA
B0041T6KT6,"Progresso Traditional, Chicken Rice with Vegetables Canned Soup, 19 oz. (Pack of 12)","https://m.media-amazon.com/images/I/81VlKKubezL._SX425_PIbundle-6,TopRight,0,0_AA425SH20_.jpg"
B0052BRVTK,B0052BRVTK,NA
B001EPPCNK,"LorAnn Artificial Flavoring Oils, Bavarian Cr+me Flavoring Oil, 1-Ounce Bottles (Pack of 4)",NA
B000YT5DBS,B000YT5DBS,NA
B000LQOCH0,Turkish Delight Filbert (Hazelnuts) (Sultan) 16oz - New Pack,NA
B0001OINNQ,B0001OINNQ,NA
B005LURDB8,B005LURDB8,NA
B0016PKA1C,Prepara Herb Savor Pod,NA
B004A8VV42,"LILLYS HOMESTYLE BAKE SHOP Chocolate Babka, 15 OZ",NA
B000084E1U,B000084E1U,NA
B003NZH3VS,"Candyrific M&M Large Dispenser with Candy, 2.14-Ounce, (Colors May Vary)",https://m.media-amazon.com/images/I/81Wah26FoCL._SY445_.jpg
B001ELL6O8,"Arrowhead Mills Pancake & Waffle Mix, Buttermilk, 2 Pound Bags (Pack of 4)",NA
B000UWSQT0,"Das Caramelini Candied ginger and pistachio caramels, .75-Ounce Boxes",https://m.media-amazon.com/images/I/51yHhanl6QL._SX425_.jpg
B001209QMU,B001209QMU,NA
B001HTKS1Y,"Annie's Naturals Asian Sesame Dressing - Organic, 8-Ounce (Pack of 6)",NA
B000UA0QIQ,"Faeries Finest Flavor Extract, Cherry, 2.04 Ounce",NA
B003UDV9SG,"Holistic Select Canned Cat Food, Ocean Fish And Tuna Recipe, 12 By 13-Ounce Cans",https://m.media-amazon.com/images/I/71OXaxkVKgL._AC_SX466_.jpg
B002SRAU80,B002SRAU80,NA
B000F4EU52,"Native Forest Organic Tropical Fruit Salad, 14 Ounce Cans (Pack of 6)",NA
B0040WHJQM,"Dr. McDougall's Right Foods Asian Entree Thai Peanut Noodle, 1.9 Ounce Cups (Pack of 6) Non-GMO, No Added Oil, Made w/ Organic Steamed Noodles, Paper Cups From Certified Sustainably-Managed Forests",NA
B002SW7ZOW,B002SW7ZOW,NA
B001EO5QW8,"McCANN'S Instant Irish Oatmeal, Variety Pack of Regular, Apples & Cinnamon, and Maple & Brown Sugar, 10-Count Boxes (Pack of 6)",NA
B001RVFDOO,B001RVFDOO,NA
B000F52NU0,"Werther's Original Chewy Caramel Candy, 5 Oz Bags (Pack of 12)",NA
B003FA0M1O,"Three Dog Bakery Itty Bitty Bones, Baked Dog Treats, Peanut Butter, 13-Ounce",NA
B001E5E29A,Stonewall Kitchen Farmhouse Pancake & Waffle Mix (2 Pack (33 oz)),"https://m.media-amazon.com/images/I/81FRqjVllNL._SX425_PIbundle-2,TopRight,0,0_AA425SH20_.jpg"
B001F33UPI,10 Lb. Bulk Bag Red Anise Drops Candy,NA
B0049UVNYY,B0049UVNYY,NA
B00112B9T2,China Mist Leaves Pure Teas Tropical Organic Green Loose Tea Sachet 15-ct,NA
B008YAXFWI,Baxters Soup Bttrnt Sqsh Red Ppr 19 Oz (Pack of 6),NA
B0064KOUNI,B0064KOUNI,NA
B000E1HUEE,"JELLO Chocolate Fudge Pie Filling Mix (5oz Boxes, Pack of 24)",NA
B001SATU8E,B001SATU8E,NA
B00473OV2E,"Moore's Original Marinade, 16-Ounce (Pack of 6)",NA
B003D4O92K,B003D4O92K,NA
B004V6AH34,Joe Mangosteen Healthy Organic Coffee with Mangosteen & Ganoderma 1 - 3.73oz Bag (40 Servings),NA
B002WJYCR4,B002WJYCR4,NA
B001JTCPE0,B001JTCPE0,NA
B0017129DC,8 (4 oz.) Boneless Pork Chops,NA
B007NWPB70,Tazo Iced Black Tea - 6 Tea Bags,NA
B0017WFN4S,B0017WFN4S,NA
B007POA176,"Hi I'm Skinny Sticks, Sweet Potato, 7-Ounce",NA
B000H13270,"ROTEL Mild Diced Tomatoes and Green Chilies, 10 oz. (Pack of 12)",NA
B003UDSXU8,"CAJOHNS Salsa 10 Jolokia, 16 OZ",NA
B0028SWACS,"Choice Organic Whole Leaf Organics Tea Pyramids, Lychee White, 15 Count (Pack of 3",NA
B007B9J6G2,"Taste Specialty Foods Dark Red Kidney Beans, 10-Pound",NA
B001FPT2MG,"Tarragon Mustard Moutarde A L'Estragon, Fallot, 7 oz, Three",https://m.media-amazon.com/images/I/415T268E27L.jpg
B004NC7IFQ,"Rishi Tea Loose Leaf Tea Filters | Biodegradable BPA Free, Chlorine-Free | 100 Large Filters, 600 count (Pack of 6) (TB107)",NA
B001SB099M,B001SB099M,NA
B000QUZ9LO,B000QUZ9LO,NA
B0040TPNO0,B0040TPNO0,NA
B001GVISJM,"TWIZZLERS Twists, Strawberry Flavored Licorice Candy, 16 Ounce Bag (Pack of 6)",NA
B006JWQFC0,"Werther's Original Hard Sugar Free Apple Caramel Candy, 2.75-Ounce Bags (Pack of 6)","https://m.media-amazon.com/images/I/81FBnoSm+LL._SX385_PIbundle-12,TopRight,0,0_SX385SY413SH20_.jpg"
B0043H35N0,B0043H35N0,NA
B002RKGEII,B002RKGEII,NA
B004X8TK8I,B004X8TK8I,NA
B00437JI8Q,B00437JI8Q,NA
B0087HW5E2,Canary Island Garlic and Herb Olive Oil (Original),NA
B002G8N4ZW,B002G8N4ZW,NA
B00473RWXY,B00473RWXY,NA
B00002Z754,Invent It! Clear Decals,NA
B006F2NYI2,B006F2NYI2,NA
B001E6KBSK,"Kellogg's Mueslix, 15.3-Ounce Boxes (Pack of 5)",NA
B000XB80CG,B000XB80CG,NA
B000JEHAHS,Penguin Candy Pooper,https://m.media-amazon.com/images/I/41fNrCKdJ7L._AC_.jpg
B0016J4QKO,Chocolate Raspberry Wafer Rolls - 5Lb Bulk Tray,NA
B006K2ZZ7K,"Salt Water Taffy - Assorted, 5 lbs",NA
B005O072PC,B005O072PC,NA
B0002MKFEM,Rufina Patis Fish Sauce - 25 oz.,NA
B0035Q0N0I,B0035Q0N0I,NA
B004HOSHU0,"Blue Diamond Almonds 7-100 Calorie Packs-bold Wasabi & Soy Sauce, 4.2-Ounce Boxes (Pack of 6)",NA
B0030C9A60,Chocolate Liquor Cups,NA
B0009XLVGA,B0009XLVGA,NA
B002U56JXU,"Vernor's Ginger Ale, 2-Liter Bottle (Pack of 6)",NA
B00067AD4U,Dark Chocolate Covered Espresso Beans 5 Pounds,NA
B00469VHRG,"Heinz LR/D KETCHUP HEINZ SINGLE SERVE 1000 CASE 11 GRAM, 11-grams (Pack of1000)",NA
B000EGX2E6,"Dole Snack Bites, Sunflower Seed Clusters, 5oz",NA
B000EPP56U,"KA-ME Gluten Free Rice Crackers, Original, 3.5 Ounce (Pack of 12), 42 Ounce",NA
B001UJEN6C,B001UJEN6C,NA
B006CGURWM,B006CGURWM,NA
B007SESJWC,Asian Home Gourmet Spice Paste for Stir Fry: Szechuan Chilli Ginger Garlic Stir Fry (1 x 1.75 OZ),NA
B0007T3V82,"El Bubble It's A Boy Bubble Gum Cigars, Packages (Pack of 36)",NA
B001FA1MCO,"Custom Culinary Chef's Own Touch Ham Flavor Soup Base, 16-Ounce Plastic Jars (Pack of 6)",NA
B003XT4AV0,"Simply Wild Chicken and Brown Rice for Cats and Kittens, 3-Pound",NA
B00171APVA,B00171APVA,NA
B002483RNI,"Butternut Mountain Farm Pure Maple Syrup, Grade B, 1-Quart Jug",https://m.media-amazon.com/images/I/711b1APS3CL._SY445_.jpg
B00126EQBU,B00126EQBU,NA
B0089PI9OC,B0089PI9OC,NA
B000Y2EJHY,"Fruit Stripe Chewing Gum 17 Pc, 17-Piece Stick Gum (Pack of 12)",NA
B0041QIHC2,"Weaver's Coffee and Tea House Blend, Ground, 12-Ounce Bags (Pack of 2)",NA
B001FA1L7U,"BEER NUTS Original Peanuts - Travel Size Sweet & Salty Bar Nuts - Gluten Free, Kosher, Low Sodium Peanut Snacks Made In The USA - 12oz Resealable Can (Pack of 6)",NA
B009HINRX8,B009HINRX8,NA
B00443YFCS,"Tenda-Bake Maple Burst Pancake and Waffle Mix, 1.5 LBS",https://m.media-amazon.com/images/I/81BcPpAJb1L._SX425_.jpg
B001HKZDYU,B001HKZDYU,NA
B000SEJ84M,"Nunweiler's, Pancake & Waffle Mix, Spelt, 35.2 oz",NA
B008BEGP9W,Tasselfield Taiwan No. 1 Pineapple Pastry (Pineapple/Mango),NA
B002DXZI40,"Starwest Botanicals Organic Fenugreek Seed Powder, 1 Pound",https://m.media-amazon.com/images/I/91PPq2Kr+DL._SX342_.jpg
B000MTIYF2,Cedrinca Espresso 5.25 oz (150 g),NA
B00061NJ06,"Café Britt® - Costa Rican Dark Roast Coffee (12 oz.) - Ground, Arabica Coffee, Kosher, Gluten Free, 100% Gourmet & Dark Roast (1 Year Shelf-Life)",NA
B003OB2EP6,B003OB2EP6,NA
B000JWEEB0,B000JWEEB0,NA
B001HBTGI8,"Boscoli Family Dirty Martini Olive Juice, 25 oz.",NA
B004K2IHUO,B004K2IHUO,NA
B002NVPPHC,"DUM DUMS Lollipops, Variety Flavor Mix, 300 Count (Pack of 1)",NA
B000S806VM,"Breezy Morning Tea, Sassafrass, 20-Count",NA
B001GE3T1G,After Eight Dinner Mints Christmas Holiday Candy Gift 1.83 Pound Gift Box,NA
B0000DC5IY,Coconut Powder,NA
B007JFV6RK,"McClure's Bloody Mary Mixer, 32 oz",NA
B008MMLXEK,Johnny's Alaskan Salmon Seasoning Blend 8.25 oz,NA
B001HTKZ5S,"Cherrybrook Kitchen Vanilla Frosting Ready to Use, 16-Ounce (Pack of 6)",NA
B002OHOC6A,"9 Lives Daily Essentials, 15-Pound Bag",NA
B003VTN95K,"Nestle Coffee Mate Coffee Creamer, Hazelnut, Liquid Creamer Singles, Non Dairy, No Refrigeration, Box of 50 Singles (Pack of 4)",NA
B001IB69B4,B001IB69B4,NA
B003Y0ZJUE,T7 TEA Jasmine Pearl Green 8oz,NA
B003UIDAHY,"Fiber Gourmet Pasta - Light Penne Pasta - Low Net Carb, Fiber-Rich, Low Calorie, Healthy Pasta - Made in Italy, Kosher, Vegan, Non-GMO - 8 Oz, Pack of 6",NA
B005J4ZMR8,B005J4ZMR8,NA
B004MTMYNQ,B004MTMYNQ,NA
B0037LW78C,B0037LW78C,NA
B005HGAVGK,B005HGAVGK,NA
B000YZTAS4,"Gimbal's Fine Candies Gourmet Jelly Beans, Licorice, 10-Pound Case",NA
B000VX9XFE,Italian Cheese and Herb Bread (A Single Pack),https://m.media-amazon.com/images/I/41F8QNNL+GL.jpg
B0026Y3YBK,Macine Mulino Bianco 400 Gr ( 14.3 Oz.) - Pack of 3,https://m.media-amazon.com/images/I/91W5mfW0R2L._SY445_.jpg
B000U9V5AU,"Faeries Finest Flavor Extract, Strawberry, 2.13 Ounce",NA
B003SO503C,"The Wu Yi Tea Company Tea Energy Citrus Orange, 25-Coun",https://m.media-amazon.com/images/I/71HHX-tGv0L._SX425_.jpg
B0017I8UME,"Arriba! California Style Berry Mango Fire Roasted Salsa, Mild, 16-Ounce Jars (Pack of 3)",NA
B000G6RPMY,Ass Kickin' Peanuts - With Habanero,NA
B001EO7GAI,B001EO7GAI,NA
B001LO4ZWI,"Lakewood Organic Acai Amazon Berry Juice, 32-Ounce Bottles (Pack of 6)",NA
B0064MEUS6,B0064MEUS6,NA
B0025WIAN0,Nature Valley Nut Lovers Variety Pack - 30 Count,NA
B002X9JNYU,McKenzie's Fine Desiccated Coconut 500g,https://m.media-amazon.com/images/I/71NrkTqeqXL._SY445_.jpg
B000X61Y60,Coarse Gray Sea Salt From Guérande 3.3 Oz Grinder Bottle,NA
B001EO5ZME,"Ahmad Tea 250g Green Tea, 8.8-Ounce Packet (Pack of 6)",NA
B001FA1L7A,B001FA1L7A,NA
B000ITVLE2,"SAFCOL Gourmet on the Go Chunk Light Tuna with Oven Dried Tomato and Basil in Spring Water, 3.5-Ounce Pouches (Pack of 12)",NA
B000ER6YO0,B000ER6YO0,NA
B003F6UO7K,Dolce Gusto Chococino Capsules For The Dolce Gusto Machine By Nescafe (Case of 6 packages; 96 Capsules Total),NA
B002U56JXK,"Big Red Cream Soda, 12 Ounce (24 Cans)",NA
B003TQQKFQ,"Cortas Pomegranate Molasses, 10 FZ",NA
B000FAMUO4,"Castellana Foglie D'Autunno Pasta, 17.6-Ounce Bags (Pack of 12)",NA
B0048IK8UC,"Sunbird Asian Skillet Classics Thai Beef, 5.82-Ounce (Pack of 6)",NA
B005CFC9XY,B005CFC9XY,NA
B007237380,B007237380,NA
B000GGKQSO,"HERSHEY'S Zero Sugar Caramel Filled Chocolate Candy Bags, 3 oz (12 Count)",NA
B0009XLVG0,B0009XLVG0,NA
B000N5XCPM,Merrick Grammys Pot Pie - 12 x 13.2 oz,NA
B007KDXVII,B007KDXVII,NA
B000SV90J8,"JELLO Melon Fusion Dessert Gelatin (3oz Boxes, Pack of 24)",NA
B005QSIQKC,B005QSIQKC,NA
B000LKZK7C,"Sugar in the Raw Turbinado Cane Sugar, 24 Ounce (Pack of 12)",NA
B0045TDE4Q,"Martha White Muffin Baking Mix, Chocolate Chocolate Chip, 7.4 Ounce, Pack of 12",NA
B005Y0DXBO,"Yoder's Canned Premium Variety Pack (Beef, Chicken, Hamburger, Turkey, Pork, Pork Sausage) 6 Cans/Half Case",NA
B000G6RYNE,"Kettle Brand Potato Chips, Unsalted Kettle Chips, 5 Oz (Pack of 15)",NA
B001BB3LW6,Dum-Dum Pops 30 lb bulk,NA
B004EKO2HE,"Cacao (Cocoa) Powder - Pure and Raw - Great for Smoothies, Baking and Desserts - Rich in Antioxidants - NON-GMO, Vegan, Gluten-free - from Ecuador - 5 Lbs - by SAAQIN ®",NA
B0081XN2HQ,B0081XN2HQ,NA
B0043PU4VS,"Auguri Garlic Flavored Extra Virgin Olive Oil, 500mL (0.50L) Bottles (Pack of 2)",NA
B003ZFXJDW,B003ZFXJDW,NA
B002WUQUIC,B002WUQUIC,NA
B001FKQQDO,Cranberry Chutney 12 oz.,https://m.media-amazon.com/images/I/31+9fTpuZzL._AC_.jpg
B0062KYM9C,B0062KYM9C,NA
B000E7VI7S,Scott's Cakes Chocolate Covered Pretzels in a 8 oz. White Heart Bag,NA
B002ONIVX4,B002ONIVX4,NA
B0000VLH8S,"Oasis supply Lustre Dust, Egyptian Gold (Super Gold), 2 Gram",NA
B005YNDIAW,B005YNDIAW,NA
B001EQ4DVQ,B001EQ4DVQ,NA
B000KM7DVC,Beware Comatose Habanero Pepper Sauce,NA
B006ZLAH4M,Donut Shop Classics Bakers Dozen Variety Pack Gourmet Coffee Pods,NA
B002N2XXUC,AmeriColor Amerimist Metallic & Pearl Sheen Airbrush 4.5 Ounce Set,NA
B004QXELMK,"Brigittine Monks Assorted Gourmet Chocolate Royale Truffles, Gift Box 7.5 oz",NA
B002C4HZ00,"Cento San Marzano Organic Certified Peeled Tomatoes, 28-Ounce Cans (Pack of 12",NA
B0001PB9FY,B0001PB9FY,NA
B001D07IPG,"riceworks Parmesan & Sundried Tomato Gourmet Brown Rice Crisps, 5.5 Ounce Bags (Pack of 12)",NA
B004S4V9Y0,B004S4V9Y0,NA
B004N5KULM,B004N5KULM,NA
B002J2DO8W,Haldirams Bhujia 7 Oz,NA
B003JNWQPC,B003JNWQPC,NA
B000IUOBMA,Stevia Clear Liquid Trial Size 6 Milliliters,NA
B001EPPI84,B001EPPI84,NA
B008L19ZQ0,B008L19ZQ0,NA
B002E0RIHM,Best Wishes Deluxe Fruit Gift,NA
B0045TK2ZK,"Pillsbury Whipped Supreme Fluffy White Frosting, 12-Ounce (Pack of 6)",NA
B0013JQON4,B0013JQON4,NA
B001L4ELRW,B001L4ELRW,NA
B0018AMWES,"CK Products 3.2 Ounce Jimmies/Sprinkles Bottle, Green",https://m.media-amazon.com/images/I/81w28ByTAGL._AC_SY879_.jpg
B005NEXK6Y,B005NEXK6Y,NA
B0041CKRJC,Bob's Red Mill - Pure Baking Soda Premium Quality - 450g (Case of 4),NA
B004XDMS3C,"Lindt Assorted Chocolate Gourmet Truffles, Gift Box, Kosher, 7.3 Ounce",NA
B001ELL9X6,B001ELL9X6,NA
B002O3VHXU,"Green Mountain Coffee Roasters Nantucket Blend, Single-Serve Keurig K-Cup Pods, Medium Roast Coffee, 24 Count",NA
B00250I0EG,"Sesmark Buttery Caramel Multigrain Chips, 3 Ounce Bags (pack Of 12)",NA
B001GCVLXG,"Walker's Shortbread Highlanders, All-Butter Shortbread Cookies, Snack Pack, 1.4 Oz (Pack of 18)",NA
B006GK4XVA,"Ajika Organic Rose Sugar, 4.1-Ounce",https://m.media-amazon.com/images/I/61DUKslfn4L._SY445_.jpg
B004FD13RW,Art of Tea Mandarin Silk Loose Leaf Oolong Tea - 1.5oz Tin,NA
B001EPPE42,B001EPPE42,NA
B002SRYRE8,"OliveNation Crystalized Ginger Slices, Sweet and Spicy Candied Ginger, Kosher, Gluten Free, Vegan - 5 lbs",NA
B000O9Y62A,La Victoria Salsa Ranchera Hot,NA
B001DR488E,Bull's-Eye Original BBQ Barbecue Sauce (18 oz Bottle),NA
B001GVISJC,B001GVISJC,NA
B001ELL9XG,"Numi Tea Flower Jewel, Flowering White Tea in Bamboo Bins (Pack of 2)",NA
B007ZENY5W,B007ZENY5W,NA
B0025ULYKI,B0025ULYKI,NA
B000EPP56K,"Ka-Me Noodle Box, Satay, 11.6 Ounce (Pack of 6)","https://m.media-amazon.com/images/I/91je54Bo1lL._SX425_PIbundle-6,TopRight,0,0_SX425SY423SH20_.jpg"
B001HTI226,B001HTI226,NA
B001REEG6C,B001REEG6C,"https://m.media-amazon.com/images/I/61pjI4JnCgL._SX425_PIbundle-6,TopRight,0,0_AA425SH20_.jpg"
B000E7L2R4,"Organic Barley Seeds - 9 Lbs in Pre-Measured Bags for 10x20 Trays - Whole (Hull Intact) Barleygrass Seed - Ornamental Barley Grass, Juicing",NA
B001IZM8A6,B001IZM8A6,NA
B003NRLKOM,B003NRLKOM,NA
B000HDMUQ2,"Enjoy Life Chewy Bars, Soy free, Nut free, Gluten free, Dairy free, Non GMO, Mixed Berry, 6 Boxes (30 Bars)","https://m.media-amazon.com/images/I/916Zm+s1f0L._SX342_PIbundle-6,TopRight,0,0_SX342SY428SH20_.jpg"
B004AVYUOW,B004AVYUOW,NA
B0006GWXYY,B0006GWXYY,NA
B006WVH7NE,B006WVH7NE,NA
B005FG6KZ8,"Cheetos Crunchy Jalapeno Flavored Snacks, 8.5oz Bags (Pack of 3)",NA
B005151BV6,B005151BV6,NA
B002MB2J6I,"Vitalicious VitaMuffin Mix, Golden Corn, 14.5-Ounce Packages (Pack of 3)",NA
B000LKTDNE,B000LKTDNE,NA
B0018DQFPC,B0018DQFPC,NA
B0025Z7CGI,"100% Pure Black Sesame Powder (Low Temp Roasted), No Sugar, HALAL (500g/17.6oz/tin)",NA
B0028PDGQA,B0028PDGQA,NA
B003OB0IB8,B003OB0IB8,NA
B001HTN94C,B001HTN94C,NA
B000SEJ842,B000SEJ842,https://m.media-amazon.com/images/I/81hPF6ZZjnS._SY445_.jpg
B0025VPBQ0,"Durkee French's Swiss Steak Dry Mix, 12-Count Roasting Bags (Pack of 12)",NA
B00283TPYE,B00283TPYE,NA
B000G6MBX2,B000G6MBX2,NA
B002XG21MO,B002XG21MO,NA
B000K296BW,B000K296BW,NA
B005MZIJBU,B005MZIJBU,NA
B0019CW0HE,"Natural Balance L.I.D. Limited Ingredient Diets Dry Dog Food with Grains, Lamb Meal & Brown Rice Formula, 28 Pounds",NA
B00176AIDU,B00176AIDU,NA
B002T62G7S,B002T62G7S,"https://m.media-amazon.com/images/I/717R1qEVpKL._SX466_PIbundle-12,TopRight,0,0_SX466SY408SH20_.jpg"
B002BB7EWI,"Plum Organics Mish Mash, Peach, 3.17-Ounce Pouches (Pack of 16)",NA
B000NF69ZM,Milka Naps Mix Gift Box (138 g),NA
B0030N5K1I,B0030N5K1I,NA
B00845LR4G,B00845LR4G,NA
B00132EDUW,B00132EDUW,NA
B00448SNSA,B00448SNSA,NA
B000UXA3L8,"Roland Foods Premium Dried Extra Fancy Porcini Mushrooms, Specialty Imported Food, 1-Pound Jug",NA
B004XRJ1W4,B004XRJ1W4,NA
B000J0HIT2,B000J0HIT2,NA
B005ATI9EU,B005ATI9EU,NA
B005DUM9UQ,B005DUM9UQ,NA
B004X2KR36,"Natierra Dark Chocolate Goji Berries, 8 Ounce",NA
B000F7PW8S,B000F7PW8S,https://m.media-amazon.com/images/I/71VPsfsZyEL._SX425_.jpg
B000GULKW6,B000GULKW6,NA
B000ARTNR4,"Similac Sensitive Advance Infant Formula with Iron, Powder, 12.5 Ounce (Pack of 6)",NA
B0057FTBYO,"Riviera Ready to Eat Chicken Noodle Soup, 15-Ounce (Pack of 8)",NA
B007P2PSKS,"American Gourmet Twist Mini Grlc Onion Flv, 8-Ounce",NA
B001CWZXW0,"Roast Venison Dinner With Garden Vegetables Food For Dogs, 12.5-Ounce Cans (Pack Of 12)",NA
B00182I57O,igourmet Lappi (7.5 ounce),NA
B001QXUTLU,"Rumford Naturals Corn Starch, 12-Ounces (Pack of 6)",NA
B001FQ0UEE,"Abbaye de Flavigny Oval Traditional Tin Rose Flavored Anise drops all natural, 1.8 oz, Three",NA
B001EO5ZMO,B001EO5ZMO,NA
B001EPPFGO,"The Tao of Tea, Blue Flower Earl Grey Black Tea, Loose Leaf, 3.5-Ounce Tins (Pack of 2)",NA
B000LRG11O,Cavender's All Purpose Greek Seasoning 5 lbs (pack of 4) --,NA
B0093NIWVO,B0093NIWVO,NA
B000FL08PG,"Jeremiah's Pick Coffee Organic PowerCafe Whole Bean Coffee, 5-Pound Bag",NA
B002HQAXUW,B002HQAXUW,NA
B00283V4GQ,Mini Rainbow Spiral Lollipops,NA
B0001VWE02,B0001VWE02,NA
B0036VM05I,B0036VM05I,NA
B0025VRCJY,"ReaLemon 100% Lemon Juice from Concentrate, 15-Ounce Squeeze Bottles (Pack of 6)",NA
B0002567IW,Ethical Plush Tennis Stuffer Octopus 10-Inch Dog Toy,https://m.media-amazon.com/images/I/41Ecgl2f1kL._AC_.jpg
B0007NG568,Quick Rolled Oats - Bulk 50 Pound Bag,NA
B001KUUNP6,B001KUUNP6,NA
B00374XSVY,"Grill Mates Mexican Fiesta, 1.25-Ounce (Pack of 12)",NA
B000QWXG9O,"Annie's Organic Shells and White Cheddar Macaroni and Cheese, Whole Wheat, 6 oz",NA
B000OK7UDG,B000OK7UDG,NA
B00061EXBU,"Penta Ultra-Purified Water, Oxygen Infused Natural pH Hydration, Solar-Powered 13 Step Purification Process,16.9 Fl Oz (Pack of 24)","https://m.media-amazon.com/images/I/71N4VFYIt1L._SY445_PIbundle-24,TopRight,0,0_SX308SY445SH20_.jpg"
B003UY9GTE,B003UY9GTE,NA
B003HG6U3A,B003HG6U3A,NA
B000F0G75W,"Alter Eco Fair Trade Organic Golden Brown Cane Sugar, 16-Ounce Pouches (Pack of 8)",NA
B00061KYVI,B00061KYVI,NA
B000WNJ73Q,B000WNJ73Q,NA
B002TDK0VK,La Explanada Anchoa Olives Green Spanish Olives Stuffed with Anchovies 360 Gram,NA
B001LMNXFA,B001LMNXFA,NA
B0052GPN0O,B0052GPN0O,NA
B00068PCTU,"NuNaturals White Stevia Powder, Plant-Based Sugar Substitute, Zero Calorie Sweetener, 12 oz",NA
B003AO5DLO,"Royal Canin Cocker Spaniel Adult Dry Dog Food, 25 lb bag",NA
B000LRFZE8,B000LRFZE8,NA
B004OYBN7C,B004OYBN7C,NA
B004A8QK98,B004A8QK98,NA
B0017SRF52,"Canadian Steak Blend, 12 Pound Box",NA
B000E7WM0K,B000E7WM0K,NA
B001LQNX8S,"Baronet Coffee Decaf French Vanilla, Medium Roast, 18-Count Coffee Pods (Pack of 3)",NA
B001EU5S9S,"White Lion Tea - Cranberry Hibiscus 25 Tea Sachets, Herbal Tea, Caffeine Free",NA
B002ULEFYE,B002ULEFYE,NA
B0002XIB2Y,B0002XIB2Y,NA
B000HKYP9A,Munchkin Fresh Food Feeder - Blue/Green,NA
B0040WAG7Q,B0040WAG7Q,NA
B00116629A,B00116629A,NA
B007J32WX4,Virgin Extracts (TM) Pure Premium Organic Freeze Dried Blueberry Powder Extract 4:1 Concentrate (4 X Stronger) Superfood 8oz Pouch,NA
B001TZSDJK,B001TZSDJK,NA
B002GWHC0G,B002GWHC0G,NA
B0017ZBPTW,B0017ZBPTW,NA
B00144C10S,"DiabeticFriendly® Sugar Free Milk Chocolate Covered Butter Toffee, 1 Lb Gift Bag",NA
B001HTG9VW,Knudsen Organic Tomato Juice ( 12x32 OZ),NA
B003KDCJYY,B003KDCJYY,NA
B00032EZRY,B00032EZRY,NA
B007TFONH0,B007TFONH0,NA
B003WWJ8LA,"Duncan Hines White Cake Mix, 16.5 oz",NA
B0067R3Q9M,Kikkoman Instant Soup Miso Variety 5 Pack,NA
B005CJVVJ8,"Marley`s Mellow Mood Lite, Half Tea Half Lemonade, 16 Fl Oz (Pack of 12)",NA
B006SQBRMA,"Fantasicakes Gourmet Apricot Tart (8/ 28 Oz.)""",NA
B000C21OOM,"Bigelow Cozy Chammomile Herbal Tea, 20-count (Pack of6)",NA
B002KXDK48,Dr Natura Kleritea (30 Tea Bags) Herbal Tea for Regularity and Detoxification,NA
B002TM37RU,Lars Ginger Snaps,NA
B0064KO0BU,Banana Heads (Just like Banana Runts)-10 lbs,NA
B005WU7V00,B005WU7V00,NA
B0066DMI6Y,Giant Candy Cane Peppermint Mint Twist Stick 2 Pounds,NA
B001ESOQAM,B001ESOQAM,NA
B0035YE9CS,B0035YE9CS,NA
B001HTL6CY,B001HTL6CY,NA
B003YMAET8,B003YMAET8,NA
B000E1HVF2,"Jell-O Vanilla Instant Pudding & Pie Filling Mix (24 ct Pack, 3.4 oz Boxes)",NA
B0048IC328,B0048IC328,NA
B001SAX7Z6,B001SAX7Z6,NA
B0017165OG,6 (5 oz.) Boneless Pork Chops,NA
B002BCD2OG,B002BCD2OG,NA
B002BKTWL0,B002BKTWL0,NA
B0016D2MY2,B0016D2MY2,NA
B001EQ55BI,"EarthSavor Gourmet Coffee, Mocha Java Blend, 10-Ounce Cans (Pack of 3)",NA
B001EO5ZMY,"Ahmad Tea Loose Ceylon Tea, 1.1023 Ounce Packet (500g) (Pack of 4)","https://m.media-amazon.com/images/I/71gEl7lf6ML._SY445_PIbundle-4,TopRight,0,0_SX334SY445SH20_.jpg"
B004S0AQHA,B004S0AQHA,NA
B000WFM204,B000WFM204,NA
B004K6781Y,"Laughing Giraffe Goji Cacao And Maca Snakaroon, 9.2500-Ounce","https://m.media-amazon.com/images/I/71IXlFTqrSL._SY445_.jpg"
B001FB69YY,B001FB69YY,"https://m.media-amazon.com/images/I/41dHWSwKx8L._SY445_PIbundle-3,TopRight,0,0_SX165SY445SH20_.jpg"
B003EMU7EU,B003EMU7EU,NA
B0037ZFEW4,B0037ZFEW4,NA
B004WJAUBE,"BUNN City Steam 17510 100-Percent Colombian Single Cup Coffee Pods, 18-count",NA
B000LKZTSC,B000LKZTSC,NA
B0029OWDAU,B0029OWDAU,NA
B003YXWAF8,B003YXWAF8,NA
B001E4KFG0,B001E4KFG0,NA
B001EO5XPS,"Victorian Inn Instant Cappuccino, French Vanilla, 32-Ounce Canisters (Pack of 3)","https://a.media-amazon.com/images/I/81zyOnLoR0L._SX569_PIbundle-3,TopRight,0,0_SX569SY659SH20_.jpg"
B000LKZ86K,"Mori-Nu Silken Tofu Extra Firm | Velvety Smooth and Creamy | Low Fat, Gluten-Free, Dairy-Free, Vegan, Made with Non-GMO soybeans, KSA Kosher Parve | Shelf-Stable | Plant protein | 12.3 oz x 12 Packs","https://a.media-amazon.com/images/I/815FyQR4PfL._SX679_PIbundle-12,TopRight,0,0_SX679SY509SH20_.jpg"
B0043OX542,"Milk-Bone Flavor Snacks Dog Treats, Small Biscuits, 24 Ounce Crunchy Texture Helps Reduce Tartar","https://a.media-amazon.com/images/I/81Kw+wrDvmL._AC_SY355_.jpg"
B003Y5P6CK,"Purina ONE Small Bites Beef and Rice Formula Small High Protein Dry Dog Food Natural with Added Vitamins, Minerals and Nutrients - 31.1 lb. Bag","https://a.media-amazon.com/images/I/71Dp+V93xAL._AC_SY300_SX300_.jpg"
B001CX3Q4G,"Healthy & Holistic Chicken & Brown Rice Recipe For Dogs, 3.5-Pound Bags (Pack Of 6)","https://a.media-amazon.com/images/I/91l0VwQJY3S._AC_SY679_.jpg"
B000YVM5DA,"Nescafé Coffee, French Vanilla Cappuccino Mix, 32-Ounce Bags (Pack of 6)","https://a.media-amazon.com/images/I/61kpeo2De9L._SX569_PIbundle-6,TopRight,0,0_AA569SH20_.jpg"
B000J401GA,"Maggi Hispanic Chicken Bouillon, 8-Tab, 3.38-Ounce Packets (Pack of 24)","https://a.media-amazon.com/images/I/61iIknTFUUS._SX425_PIbundle-24,TopRight,0,0_AA425SH20_.jpg"
B004I1CVEU,"Sadaf White Vinegar Distilled - 100% Natural Distilled White Vinegar For Cooking and Marinating - All Natural White Vinegar - Vinagre Blanco - Kosher - 32 Oz Bottle","https://a.media-amazon.com/images/I/61-ZftRUYYL._SX569_.jpg"
B0049Z5P1G,"Goya Chick Pea, 15.5000-Ounce (Pack of 12)","https://a.media-amazon.com/images/I/912FiWtSQzL._SY445_PIbundle-12,TopRight,0,0_SX291SY445SH20_.jpg"
B001EO607I,"Nature's Path Organic Flax Plus Red Berry Crunch Cereal, 10.6 Ounce (Pack of 6) , Non-GMO, 25g Whole Grains, with Omega-3 Rich Flax Seeds","https://a.media-amazon.com/images/I/71JuCZsx9bS._SY342_.jpg"
B00473UO7A,"Bella Parsley, 0.65-Ounce (Pack of 6)","https://m.media-amazon.com/images/I/61hFAGKL8hL._SY606_PIbundle-6,TopRight,0,0_SX242SY606SH20_.jpg"

